{
  "Razzakabad": [
    24.8668724,
    67.2946275
  ],
  "Khadda Market": [
    24.8134813,
    67.049954
  ],
  "Civic Centre": [
    null,
    null
  ],
  "Shafiq Morr": [
    null,
    null
  ],
  "Nasir Jump": [
    24.8204627,
    67.1251142
  ],
  "Gora Qabristan": [
    24.8552148,
    67.0503499
  ],
  "Mauripur": [
    24.8795902,
    66.9114511
  ],
  "Bolton Market": [
    24.8507404,
    67.0001432
  ],
  "PAF Base Faisal": [
    24.968984,
    67.223318
  ],
  "Power House": [
    24.9476452,
    67.0707914
  ],
  "National Medical Center": [
    24.833191,
    67.1790702
  ],
  "M9 Toll Plaza": [
    null,
    null
  ],
  "DHA City": [
    25.0140223,
    67.4555682
  ],
  "Malir Halt": [
    24.884529,
    67.1745126
  ],
  "Shaheen Complex": [
    24.8508147,
    67.0195102
  ],
  "Jutt Land": [
    null,
    null
  ],
  "Baqai University": [
    24.9877326,
    67.2135973
  ],
  "UP Mor": [
    null,
    null
  ],
  "Singer Chowrangi": [
    24.8507452,
    67.1812931
  ],
  "KPT Inter change": [
    null,
    null
  ],
  "M.T.Khan Road": [
    24.8431024,
    67.0143605
  ],
  "City Court": [
    24.8559541,
    67.0057203
  ],
  "Aga Khan Hospital": [
    24.8833794,
    67.0351671
  ],
  "Jehangir Road": [
    24.8614877,
    67.0280331
  ],
  "DHA Phase 1": [
    24.84122,
    67.0674901
  ],
  "Submarine Chowk": [
    null,
    null
  ],
  "Nadra Center Malir": [
    null,
    null
  ],
  "Army Public School": [
    24.8350239,
    67.2553653
  ],
  "Bhains Colony More": [
    null,
    null
  ],
  "Malir Cantt Check Post 5": [
    null,
    null
  ],
  "Nagan Chowrangi": [
    24.9650421,
    67.0668664
  ],
  "Clock Tower DHA": [
    null,
    null
  ],
  "Dalmia Road": [
    24.9018971,
    67.0983808
  ],
  "Millennium Mall": [
    24.901517,
    67.1152148
  ],
  "Sohrab Goth": [
    24.9505443,
    67.0897399
  ],
  "Gulshan Chowrangi": [
    24.9246131,
    67.0912849
  ],
  "Model Colony Mor": [
    null,
    null
  ],
  "Rahat Park": [
    24.815826,
    67.0755787
  ],
  "Bahria University": [
    25.1117965,
    67.3350391
  ],
  "Chowkundi More": [
    24.8595567,
    67.2728186
  ],
  "Karsaz": [
    24.8778199,
    67.0989711
  ],
  "Allah Wali Chowrangi": [
    24.8643463,
    67.3499075
  ],
  "Teen Talwar": [
    24.8338179,
    67.033666
  ],
  "Korangi Crossing": [
    24.8170248,
    67.1079526
  ],
  "Bahria Complex": [
    24.8245742,
    67.0439771
  ],
  "Ziauddin Hospital": [
    24.8163998,
    67.0033913
  ],
  "Metropole": [
    24.8504651,
    67.0301733
  ],
  "Malir Mandir": [
    24.8754713,
    67.1933307
  ],
  "Lines Area": [
    24.869465,
    67.0357695
  ],
  "Nata Khan Bridge": [
    24.8835251,
    67.1365798
  ],
  "Urdu Bazar": [
    24.9268136,
    67.0899584
  ],
  "Saudabd": [
    null,
    null
  ],
  "Sher Shah": [
    24.8843625,
    66.9872422
  ],
  "Kamran Chowrangi": [
    24.9237215,
    67.137763
  ],
  "KPT Interchange upto Shan Chowrangi": [
    null,
    null
  ],
  "Johar Morr": [
    null,
    null
  ],
  "Laloo Khait": [
    24.918973,
    67.0533475
  ],
  "Frere Hall": [
    24.8475202,
    67.0330882
  ],
  "Bihar Colony": [
    24.8854042,
    67.0484297
  ],
  "Civil Hospital": [
    24.8593607,
    67.0103185
  ],
  "Dumba Goth": [
    24.9695059,
    67.260198
  ],
  "Dolmen Mall": [
    24.8763451,
    67.0626743
  ],
  "Gulsahan e Hadeed": [
    null,
    null
  ],
  "People Secretariat Chowrangi": [
    24.8770859,
    67.0437698
  ],
  "PICD": [
    null,
    null
  ],
  "Qayyumabad": [
    24.829419,
    67.080768
  ],
  "Dockyard": [
    24.8332995,
    66.9719249
  ],
  "CMH Malir Cantt": [
    null,
    null
  ],
  "Bahria Town": [
    24.9940186,
    67.3168881
  ],
  "Malir Cantt Gate 5": [
    24.92708,
    67.1610121
  ],
  "Essa Nagri": [
    24.8908093,
    67.0608428
  ],
  "Model Mor": [
    null,
    null
  ],
  "Jinnah Ave": [
    25.0080166,
    67.3110546
  ],
  "Malir Session Court": [
    null,
    null
  ],
  "Murghi Khana": [
    null,
    null
  ],
  "Jinnah Brige": [
    null,
    null
  ],
  "Ayesha Manzil": [
    24.9267993,
    67.0642152
  ],
  "National Stadium": [
    24.8952212,
    67.0816725
  ],
  "Malir 15": [
    24.8790242,
    67.1882644
  ],
  "Shafiq Mor": [
    null,
    null
  ],
  "Numaish Chowrangi": [
    24.8730633,
    67.0364261
  ],
  "I.I.Chundrigar": [
    24.8500789,
    67.0104449
  ],
  "Airport": [
    24.8865027,
    67.1440768
  ],
  "Manzil Pump": [
    24.8549796,
    67.2289433
  ],
  "Yousuf Goth": [
    24.8602104,
    67.258722
  ],
  "Fast University": [
    24.8571541,
    67.2645918
  ],
  "Fisheries": [
    24.8053713,
    67.202061
  ],
  "Board Office": [
    24.9128333,
    67.0455094
  ],
  "Nursery": [
    24.9163873,
    67.1224255
  ],
  "Al Asif": [
    24.9649043,
    67.0917538
  ],
  "Dolmen Mall Clifton": [
    24.8021619,
    67.0308588
  ],
  "PIB Colony": [
    24.8923258,
    67.0540413
  ],
  "Liaqautabad 10": [
    null,
    null
  ],
  "KDA Chowrangi": [
    24.9314051,
    67.0375124
  ],
  "Jamali Pull": [
    null,
    null
  ],
  "Karimabad": [
    24.9195535,
    67.0556807
  ],
  "Korangi Road": [
    24.8313024,
    67.0779377
  ],
  "26 Street": [
    24.7976018,
    67.0397408
  ],
  "Mobile Market": [
    24.8633578,
    67.0254339
  ],
  "Tower": [
    24.8487556,
    66.9966678
  ],
  "Quaidabad": [
    24.8551282,
    67.2117445
  ],
  "New Sabzi Mandi": [
    32.4841918,
    74.5439157
  ],
  "Abdullah Goth": [
    24.8666314,
    67.2840661
  ],
  "Hawksbay": [
    24.875956,
    66.8207633
  ],
  "Kalaboard": [
    24.8900563,
    67.1885868
  ],
  "Parco": [
    24.804131,
    67.1356489
  ],
  "Bahria Complex 3": [
    24.843933,
    67.003093
  ],
  "Keamari": [
    24.821889,
    66.9840531
  ],
  "Masjid-e-Ayesha": [
    24.8698622,
    67.2003491
  ],
  "Landhi Road": [
    24.8449281,
    67.1934688
  ],
  "Agra Taj": [
    24.871593,
    66.9819781
  ],
  "Islamia College": [
    24.9631947,
    67.0763773
  ],
  "Gulistan Colony": [
    24.8755313,
    66.9912046
  ],
  "Steel Mill More": [
    null,
    null
  ],
  "Masjid e Ayesha": [
    24.8698622,
    67.2003491
  ],
  "Shireen Jinnah Colony": [
    24.8173568,
    66.9957814
  ],
  "Arts Council": [
    24.8525072,
    67.0202069
  ],
  "Toll Plaza": [
    24.9793624,
    66.9091871
  ],
  "Colony Gate": [
    24.88711,
    67.1501422
  ],
  "Agra Taj Colony": [
    24.871593,
    66.9819781
  ],
  "Sakhi Hasan": [
    24.9588863,
    67.0544298
  ],
  "Port Bin Qasim More": [
    null,
    null
  ],
  "Darul Sehat Hospital": [
    24.9142362,
    67.1274877
  ],
  "Jail Chowrangi": [
    24.884818,
    67.0565488
  ],
  "5 Star Chowrangi": [
    24.9427233,
    67.0476057
  ],
  "Naddi Kinara": [
    null,
    null
  ],
  "Light House": [
    24.7939697,
    66.9775751
  ],
  "National stadium": [
    24.8952212,
    67.0816725
  ],
  "Ibrahim Hyderi": [
    24.797538,
    67.1358935
  ],
  "Gulbai": [
    24.8765871,
    66.969813
  ],
  "Daryabad": [
    24.8622485,
    66.9911979
  ],
  "Mausamiyat Chowrangi": [
    null,
    null
  ],
  "National Highway 5": [
    24.8678996,
    67.3794811
  ],
  "RCD Ground": [
    24.9004186,
    67.1963745
  ],
  "Johar Chowrangi": [
    24.9274088,
    67.1112363
  ],
  "Johar Mor": [
    24.9046667,
    67.1135863
  ],
  "CBM University": [
    null,
    null
  ],
  "Khaddi Stop": [
    null,
    null
  ],
  "Prince Aly Boys School": [
    null,
    null
  ],
  "Shah Faisal Colony": [
    24.8810955,
    67.145214
  ],
  "Laal Kothi": [
    null,
    null
  ],
  "Khokhrapar": [
    24.9040971,
    67.211932
  ],
  "Baldia": [
    24.9187786,
    66.9613949
  ],
  "NIPA": [
    24.917822,
    67.0971368
  ],
  "Lucky Star Saddar": [
    24.8570367,
    67.033204
  ],
  "Salah Uddin Ayubi Road": [
    null,
    null
  ],
  "Babar Market": [
    24.8586062,
    67.0038439
  ],
  "Teen Hati": [
    null,
    null
  ],